{
  "version": 1,
  "author": "Prayag C.B",
  "editor": "wokwi",
  "parts": [
    { "type": "board-esp32-devkit-c-v4", "id": "esp", "top": 19.2, "left": -62.36, "attrs": {} },
    {
      "type": "wokwi-led",
      "id": "led1",
      "top": -22.8,
      "left": 167.4,
      "attrs": { "color": "red", "flip": "1" }
    },
    {
      "type": "wokwi-resistor",
      "id": "r1",
      "top": 62.4,
      "left": 162.65,
      "rotate": 90,
      "attrs": { "value": "220" }
    },
    {
      "type": "wokwi-dht22",
      "id": "dht1",
      "top": -114.9,
      "left": 52.2,
      "attrs": { "temperature": "25.6", "humidity": "40" }
    },
    { "type": "wokwi-gnd", "id": "gnd1", "top": 115.2, "left": 239.4, "attrs": {} },
    {
      "type": "wokwi-buzzer",
      "id": "bz1",
      "top": -26.4,
      "left": 251.4,
      "attrs": { "volume": "0.1" }
    },
    {
      "type": "wokwi-led",
      "id": "led2",
      "top": -13.2,
      "left": 119.4,
      "attrs": { "color": "limegreen", "flip": "1" }
    },
    {
      "type": "wokwi-resistor",
      "id": "r2",
      "top": 72,
      "left": 114.65,
      "rotate": 90,
      "attrs": { "value": "220" }
    }
  ],
  "connections": [
    [ "esp:TX", "$serialMonitor:RX", "", [] ],
    [ "esp:RX", "$serialMonitor:TX", "", [] ],
    [ "dht1:SDA", "esp:15", "green", [ "v0" ] ],
    [ "dht1:GND", "esp:GND.2", "black", [ "v0" ] ],
    [ "led1:C", "r1:1", "green", [ "v0" ] ],
    [ "bz1:2", "esp:4", "green", [ "v0" ] ],
    [ "dht1:VCC", "esp:3V3", "red", [ "v0", "h-144", "v48" ] ],
    [ "led2:A", "esp:5", "green", [ "v0" ] ],
    [ "led1:A", "esp:2", "green", [ "v153.6", "h-144" ] ],
    [ "r2:1", "led2:C", "green", [ "h0", "v-19.2" ] ],
    [ "gnd1:GND", "bz1:1", "black", [ "v0", "h28.8" ] ],
    [ "gnd1:GND", "r2:2", "black", [ "v0", "h-105.6" ] ],
    [ "gnd1:GND", "r1:2", "black", [ "v0" ] ]
  ],
  "dependencies": {}
}